[
   {
      "id":"arial",
      "label":"Arial",
      "stack":"Arial, Helvetica Neue, Helvetica, sans-serif"
   },
   {
      "id":"calibri",
      "label":"Calibri",
      "stack":"Calibri, Candara, Segoe, Segoe UI, Optima, Arial, sans-serif;"
   },
   {
      "id":"consolas",
      "label":"Consolas",
      "stack":"Consolas, monaco, monospace"
   },
   {
      "id":"courier-new",
      "label":"Courier New",
      "stack":"Courier New, Courier, Lucida Sans Typewriter, Lucida Typewriter, monospace"
   },
   {
      "id":"helvetica",
      "label":"Helvetica Neue",
      "stack":"Helvetica Neue, Helvetica, Arial, sans-serif"
   },
   {
      "id":"georgia",
      "label":"Georgia",
      "stack":"Georgia, Times, Times New Roman, serif"
   },
   {
      "id":"futura",
      "label":"Futura",
      "stack":"Futura, Trebuchet MS, Arial, sans-serif"
   },
   {
      "id":"lucida-grande",
      "label":"Lucida Grande",
      "stack":"Lucida Grande, Lucida Sans Unicode, Lucida Sans, Geneva, Verdana, sans-serif"
   },
   {
      "id":"tahoma",
      "label":"Tahoma",
      "stack":"Tahoma, Verdana, Segoe, sans-serif"
   },
   {
      "id":"times-new-roman",
      "label":"Times New Roman",
      "stack":"TimesNewRoman, Times New Roman, Times, Baskerville, Georgia, serif"
   },
   {
      "id":"trebuchet",
      "label":"Trebuchet MS",
      "stack":"Trebuchet MS, Lucida Grande, Lucida Sans Unicode, Lucida Sans, Tahoma, sans-serif"
   },
   {
      "id":"palatino",
      "label":"Palatino",
      "stack":"Palatino, Palatino Linotype, Palatino LT STD, Book Antiqua, Georgia, serif"
   },
   {
      "id":"verdana",
      "label":"Verdana",
      "stack":"Verdana, Geneva, sans-serif;"
   }
]
