{"components":{"blanket":{"version":"1.0.0","replace_html":""},"button":{"version":"1.0.2","replace_html":"","attributes":{"button-large":{"version":"1.0.0","replace_html":""},"button-filled":{"version":"1.0.1","replace_html":""},"button-outlined":{"version":"1.0.1","replace_html":""},"button-tonal":{"version":"1.0.1","replace_html":""},"button-text":{"version":"1.0.1","replace_html":"1"},"button-danger":{"version":"1.0.1","replace_html":""},"button-medium":{"version":"1.0.0","replace_html":""},"button-small":{"version":"1.0.0","replace_html":""}}},"checkbox":{"version":"1.0.2","replace_html":"","attributes":{"checkbox-normal":{"version":"1.0.0","replace_html":"1"},"checkbox-master":{"version":"1.0.0","replace_html":"1"}}},"header":{"version":"1.0.1","replace_html":""},"help-widget":{"version":"1.0.1","replace_html":""},"input-text":{"version":"1.1.0","replace_html":""},"label":{"version":"1.0.0","replace_html":"","attributes":{"label-default":{"version":"1.0.0","replace_html":""},"label-success":{"version":"1.0.0","replace_html":""},"label-in-progress":{"version":"1.0.0","replace_html":""},"label-warning":{"version":"1.0.0","replace_html":""},"label-failed":{"version":"1.0.0","replace_html":""}}},"list-table":{"version":"1.0.0","replace_html":"","attributes":{"list-table-stripped":{"version":"1.0.0","replace_html":""},"list-table-bordered":{"version":"1.0.0","replace_html":""}}},"pagination":{"version":"1.0.0","replace_html":""},"popup":{"version":"1.0.2","replace_html":"","attributes":{"popup-small":{"version":"1.0.0","replace_html":""},"popup-medium":{"version":"1.0.0","replace_html":""},"popup-large":{"version":"1.0.0","replace_html":""},"popup-widget-bottom-left":{"version":"1.0.0","replace_html":""},"popup-widget-bottom-right":{"version":"1.0.0","replace_html":""},"popup-widget-top-right":{"version":"1.0.0","replace_html":""},"popup-widget-top-left":{"version":"1.0.0","replace_html":""}}},"product-tour":{"version":"1.0.0","replace_html":""},"radio-group":{"version":"1.0.0","replace_html":"","attributes":{"radio-group-inline":{"version":"1.0.0","replace_html":""},"radio-group-multi-line":{"version":"1.0.0","replace_html":""}}},"segments":{"version":"1.0.1","replace_html":""},"submenu":{"version":"1.0.0","replace_html":"","attributes":{"submenu-horizontal":{"version":"1.0.1","replace_html":"1"},"submenu-vertical":{"version":"1.0.0","replace_html":"1"}}},"toast":{"version":"1.0.0","replace_html":""},"toggle":{"version":"1.0.1","replace_html":"","attributes":{"toggle-small":{"version":"1.0.0","replace_html":""},"toggle-medium":{"version":"1.0.0","replace_html":""},"toggle-large":{"version":"1.0.0","replace_html":""}}}},"icons":["book","chat-1","close","down-arrow-1","exclamation-mark","headphone","left-arrow-2","light-bulb-1","right-arrow-3","tick","tick-mark"],"images":["webtoffee-logo.svg"]}